,Sl.No.,State/UT,Literacy %,Unemployment,Sex Ratio,Greed,Loath,Love,Year,Region,Urbanization,NSDP per capita,Population Density,Homeless prop,Alcohol %,Below poverty line,Total Murders
0,1,Andhra Pradesh,70.0,4.7,1001.786755,120.47511312217196,50.33936651583711,87.10407239819004,2016.0,S,0.32672306737038187,1.826199161751009,0.3162338618624515,1.188334368208631,46.40598028659652,46.603567999999996,257.9185520361991
1,2,Assam,79.0,6.9,1040.271327,1796.774193548387,996.7741935483872,225.80645161290323,2016.0,NE,0.1478120226435439,1.6046664869560008,0.4256482827201101,0.38694701530535835,48.420070685677,99.861653,3019.3548387096776
2,3,Bihar,68.5,7.2,1086.736819,1008.7719298245612,335.83959899749374,244.36090225563908,2016.0,E,0.11761489389402421,0.2209347741179534,1.2235697673183734,0.3956429284381374,40.752562600851874,351.23518,1588.9724310776942
3,4,Chattisgarh,75.0,2.9,1006.931408,55.71030640668524,63.60259981429898,61.7455896007428,2016.0,C,0.25064757519067493,2.4154194848179595,0.20560540272651287,0.8711325370556915,36.14775507265368,102.16577,181.05849582172704
4,5,Gujarat,79.0,3.3,1096.833908,167.90736145574854,209.26385442514476,167.08023159636062,2016.0,W,0.4550975676580718,1.9747633109074858,0.3351528384279476,2.1965052208590823,20.798578343669174,100.8377,544.2514474772539
5,6,Haryana,77.0,8.1,1132.450331,207.03125,251.953125,67.3828125,2016.0,N,0.38289036544850497,5.426079734219269,0.6263457884737176,1.873140257113968,31.6080745335306,28.306572,526.3671875
6,7,Jharkhand,71.5,5.4,1052.461066,483.0316742081448,276.58371040723983,48.07692307692307,2016.0,E,0.2505607709562183,1.35210877571931,0.4530070000250897,0.6477527623161917,39.354307552453236,122.02269,807.6923076923077
7,8,Karnataka,77.5,4.0,1028.733103,143.0995475113122,156.10859728506787,80.88235294117646,2016.0,S,0.4134099854340348,2.032819908885239,0.3364808567659588,1.1890631295131249,33.119806615439245,127.94187,380.0904977375566
8,9,Kerala,94.0,10.2,922.8850205,20.891364902506965,61.281337047353766,8.82079851439183,2016.0,S,0.6094853683148335,3.7264235260198935,0.8924941461029772,0.3417327374945942,22.55031858141203,23.888278,90.99350046425256
9,10,Madhya Pradesh,73.5,3.4,1069.583333,329.1976840363937,348.22167080231594,256.4102564102564,2016.0,C,0.28280400644252063,0.6641584457418965,0.2578208892277247,1.8425986510972419,40.631507952572015,229.98595,933.8296112489661
10,11,Maharashtra,83.0,4.3,1080.452359,1109.6774193548388,954.8387096774194,941.9354838709678,2016.0,W,0.4677409898402754,1.119713886073723,0.388001156922197,1.7665022237484609,33.8182171476487,195.43505,3006.4516129032263
11,12,Odisha,78.0,6.6,1017.4485,407.2265625,154.296875,60.546875,2016.0,E,0.17675692809273683,1.5037130954537221,0.2836609786329452,0.7711691722514037,43.2870268063844,136.91922,622.0703125
12,13,Punjab,77.0,7.3,1112.096949,93.75,78.125,104.4921875,2016.0,N,0.3950478142076503,3.6150273224043716,0.5813907311067869,1.5954234972677597,46.31676229536564,22.894461,276.3671875
13,14,Rajasthan,70.5,5.0,1067.300254,341.93548387096774,96.7741935483871,151.61290322580646,2016.0,N,0.2569492703266157,0.953172609183728,0.21864252759036815,2.426150638798311,26.2302186344142,100.88246000000001,590.3225806451613
14,15,Tamil Nadu,80.5,6.4,1000.908994,162.33031674208144,282.23981900452486,174.20814479638008,2016.0,S,0.5084310948397959,1.6462146922850807,0.5754509526518937,0.6804868923866279,32.20790465515795,81.77045000000001,618.7782805429864
15,16,Telangana,80.0,7.1,1012.651961,735.483870967742,538.7096774193549,390.3225806451613,2016.0,S,0.42923909478517547,3.3210888816005246,0.32645413421130115,2.2949874275718813,37.05343281927719,31.564134,1664.516129032258
16,17,Uttar Pradesh,70.5,5.3,1091.81008,714.4846796657382,850.0464252553389,349.1179201485608,2016.0,C,0.23099313181768097,0.18752984170125242,0.9040709257537521,1.5110230653395527,33.26346641182644,588.1186,1913.649025069638
17,18,West Bengal,78.5,4.2,1047.478063,281.10859728506784,182.69230769230768,16.968325791855204,2016.0,E,0.34138418819091526,0.6351757740870749,1.0752997115557958,1.404516162833342,36.55376748595718,182.68674,480.7692307692307
18,19,Arunachal Pradesh,71.5,6.7,1063.291139,3.2258064516129035,9.67741935483871,22.580645161290324,2016.0,NE,0.2419904567143831,62.243353783231086,0.01751788209163751,1.1138377641445125,50.301840490238256,4.796543,35.483870967741936
19,20,Delhi,84.0,8.9,1146.768147,57.6171875,51.7578125,40.0390625,2016.0,N,0.9870885808022013,12.924912689173457,12.743088334457182,2.491057254735951,38.12812138443527,16.648402,149.4140625
20,21,Goa,88.5,10.8,1022.666667,5.789909015715467,9.098428453267164,4.962779156327543,2016.0,W,0.6868820039551747,201.63150955833882,0.4097784981091302,2.011206328279499,43.924258407280114,0.746616,19.851116625310173
21,22,Himachal Pradesh,86.5,4.7,1029.087828,10.7421875,12.6953125,12.6953125,2016.0,N,0.10160055671537926,17.00876826722338,0.12905717313599052,0.5703549060542797,22.78725121542644,5.535432999999999,36.1328125
22,23,Jammu & Kashmir,70.0,5.6,1110.260586,7.518796992481203,26.31578947368421,3.7593984962406015,2016.0,N,0.28895577680018525,4.81554372154048,0.07944693114231406,1.4700162074554295,44.29441228667292,12.982634000000001,37.59398496240601
23,24,Manipur,80.5,9.7,1012.632979,16.129032258064516,51.612903225806456,6.451612903225807,2016.0,NE,0.3072348860257681,15.576808721506442,0.13557576029023155,1.0611166171126527,30.75900231380438,10.562470999999999,74.19354838709678
24,25,Meghalaya,80.5,2.2,1008.301405,70.96774193548387,87.09677419354838,12.903225806451614,2016.0,NE,0.20349761526232116,18.363116057233704,0.14022025056846046,0.3945945945945946,33.78575516756162,3.5228,170.96774193548387
25,26,Mizoram,91.0,7.2,1022.608696,67.74193548387098,3.2258064516129035,16.129032258064516,2016.0,NE,0.5348237317282889,85.201203783319,0.05516816090318296,0.13843508168529664,30.866809975981635,2.225262,87.0967741935484
26,27,Nagaland,82.5,20.1,1070.088845,8.771929824561402,6.265664160401002,0.0,2016.0,NE,0.36671435383881734,30.643299952312827,0.1264853127450389,0.43204577968526464,55.62665712929823,3.7461710000000004,15.037593984962404
27,28,Sikkim,84.0,2.7,1121.311475,5.090497737556561,1.6968325791855203,1.6968325791855203,2016.0,NE,0.3601236476043277,320.4868624420402,0.0911781285231116,0.4281298299845441,38.974497680733094,0.506354,8.484162895927602
28,29,Tripura,89.5,6.2,1038.743455,16.24883936861653,3.2497678737233056,4.642525533890437,2016.0,NE,0.32152028762198254,17.940421160760145,0.3713522792294488,0.8281972265023112,48.91484334918441,5.197101,24.141132776230272
29,30,Uttarakhand,80.5,7.8,1045.712127,50.751879699248114,1.8796992481203008,16.917293233082706,2016.0,C,0.328808864265928,12.81477377654663,0.2024942505095077,1.0917820867959371,49.245540165925796,11.372646999999999,69.54887218045113
30,31,Andaman & Nicobar Islands,87.5,13.1,1124.324324,1.953125,0.9765625,3.90625,2016.0,S,0.4071246819338422,329.5979643765903,0.047642138441023156,0.24173027989821882,38.08510134183031,0.037224,6.8359375
31,32,Chandigarh,83.5,7.8,1197.696737,2.481389578163772,0.0,3.3085194375516958,2016.0,N,0.9895196506550218,181.86113537117905,10.043859649122806,3.6148471615720523,38.22248155390293,2.2947849999999996,5.789909015715468
35,36,Puducherry,80.0,8.4,939.9727149,1.6968325791855203,5.656108597285068,1.1312217194570136,2016.0,S,0.6919831223628692,88.98101265822785,2.9686847599164925,1.1181434599156117,37.69407100254221,1.2114449999999999,8.484162895927602
36,1,Andhra Pradesh,70.0,4.5,1001.544998,130.09049773755655,193.4389140271493,110.29411764705884,2017.0,S,0.3325357005017368,1.9910652257815515,0.317976535270728,1.1818216904670011,46.40517174812974,46.603567999999996,433.82352941176475
37,2,Assam,79.0,8.1,1039.630278,1070.967741935484,1283.8709677419356,135.48387096774195,2017.0,NE,0.14904330312185296,1.713020555654286,0.4304291287386216,0.382649132160417,48.418976955489185,99.861653,2490.3225806451615
38,3,Bihar,68.5,7.2,1086.010769,1044.486215538847,417.9197994987469,261.90476190476187,2017.0,E,0.11843994666484324,0.22837532907107935,1.2424837781294138,0.3896201579541181,40.754147150713976,351.23518,1724.310776942356
39,4,Chattisgarh,75.0,3.3,1006.836633,45.96100278551532,117.45589600742804,44.56824512534819,2017.0,C,0.25383250532292406,2.4263307310149043,0.20844582849450038,0.8592618878637331,36.14778566357773,102.16577,207.98514391829156
40,5,Gujarat,79.0,4.8,1098.261527,135.64929693961952,410.2564102564102,142.2663358147229,2017.0,W,0.4601795148895293,2.1554394812680115,0.3398767497857405,2.165976224783862,20.80136887640699,100.8377,688.1720430107526
41,6,Haryana,77.0,8.6,1131.21966,186.5234375,346.6796875,61.5234375,2017.0,N,0.3888888888888889,5.559114527724393,0.6355288157061432,1.846074453697772,31.601900490163466,28.306572,594.7265625
42,7,Jharkhand,71.5,7.7,1051.732826,363.6877828054298,186.65158371040724,76.92307692307692,2017.0,E,0.25233313322054246,1.426540413687715,0.45971849361467243,0.638296130546308,39.35627899282828,122.02269,627.2624434389139
43,8,Karnataka,77.5,4.8,1028.973303,187.21719457013572,329.75113122171945,97.28506787330316,2017.0,S,0.4181717570745654,2.1634105476735788,0.33920778347263425,1.1795041271500377,33.12202990859165,127.94187,614.2533936651583
44,9,Kerala,94.0,11.4,923.0599526,19.03435468895079,93.31476323119776,10.677808727948005,2017.0,S,0.6327472968709669,3.934407892849973,0.8971772637212773,0.33994894886282156,22.551851321018454,23.888278,123.02692664809655
45,10,Madhya Pradesh,73.5,4.5,1068.748717,257.23738626964433,689.8263027295285,224.97932175351528,2017.0,C,0.2839297897413633,0.6800719469081437,0.2615289785722396,1.8164733610370278,40.63172238414493,229.98595,1172.0430107526881
46,11,Maharashtra,83.0,4.9,1081.096013,1438.7096774193549,2335.483870967742,1180.645161290323,2017.0,W,0.4704940473721326,1.1433027751275564,0.39171240734060636,1.7497656282407599,33.81951051481832,195.43505,4954.8387096774195
47,12,Odisha,78.0,7.1,1016.580593,522.4609375,110.3515625,56.640625,2017.0,E,0.17852810351799434,1.595722693983915,0.28588310095242986,0.7651750011232421,43.28766680112546,136.91922,689.453125
48,13,Punjab,77.0,7.8,1111.063434,108.3984375,291.015625,103.515625,2017.0,N,0.3986584911412988,3.7554456451776823,0.5861363726619276,1.5825061824587554,46.31574240303004,22.894461,502.9296875
49,14,Rajasthan,70.5,5.0,1065.277778,403.2258064516129,558.0645161290323,241.93548387096772,2017.0,N,0.25839629732188774,0.9695663066840724,0.2215907596737952,2.393871065574851,26.22642905219891,100.88246000000001,1203.225806451613
50,15,Tamil Nadu,80.5,7.6,1000.266014,166.289592760181,514.1402714932127,143.66515837104072,2017.0,S,0.5128600686224964,1.7691438146660639,0.5781574374509834,0.6773013804292896,32.20231401401994,81.77045000000001,824.0950226244345
51,16,Telangana,80.0,7.6,1012.619503,622.5806451612904,1038.7096774193549,374.1935483870968,2017.0,S,0.4364973806357048,3.5694742270839552,0.32871151083630007,2.2792269482370187,37.05329659945167,31.564134,2035.483870967742
52,17,Uttar Pradesh,70.5,6.4,1091.016716,346.7966573816156,1017.1773444753946,238.62581244196843,2017.0,C,0.23244859135791285,0.18919739106803152,0.9163733563554257,1.4907373856327566,33.26500815366987,588.1186,1602.5998142989788
53,18,West Bengal,78.5,4.6,1046.450183,218.3257918552036,131.78733031674207,19.79638009049774,2017.0,E,0.34546666111365626,0.6664341343550872,1.0821615287542816,1.3956103452584232,36.5558035905045,182.68674,369.9095022624434
54,19,Arunachal Pradesh,71.5,5.9,1062.674095,3.2258064516129035,45.16129032258065,9.67741935483871,2017.0,NE,0.2451046590141796,63.471303173531396,0.017685060243841276,1.1033085752869682,50.30040513234835,4.796543,58.06451612903226
55,20,Delhi,84.0,9.7,1145.464663,86.9140625,212.890625,51.7578125,2017.0,N,0.9887949369715204,13.1223738133527,12.998651382333108,2.4420812367069566,38.125647501403364,16.648402,351.5625
56,21,Goa,88.5,13.9,1021.192053,3.3085194375516958,14.061207609594703,0.8271298593879238,2017.0,W,0.6985583224115334,202.02883355176934,0.41220961642355486,1.9993446920052425,43.91304062924693,0.746616,18.19685690653432
57,22,Himachal Pradesh,86.5,5.5,1028.892006,31.25,35.15625,18.5546875,2017.0,N,0.10175584128300844,17.87681459975114,0.12991935049305767,0.5665698880132725,22.785676762432864,5.535432999999999,84.9609375
58,23,Jammu & Kashmir,70.0,5.3,1108.509608,8.771929824561402,57.64411027568922,4.385964912280701,2017.0,N,0.29154541277377855,5.025348445397458,0.08006622110491139,1.458646040741308,44.293743299271696,12.982634000000001,70.80200501253132
59,24,Manipur,80.5,11.6,1011.184211,0.0,77.41935483870968,16.129032258064516,2017.0,NE,0.310107948969578,16.75204448806019,0.13691942491154208,1.0507033038927052,30.752273472924553,10.562470999999999,93.54838709677419
60,25,Meghalaya,80.5,1.5,1007.585335,32.25806451612903,41.935483870967744,3.2258064516129035,2017.0,NE,0.2040302267002519,18.417191435768263,0.14160238976325293,0.39074307304785894,33.78268261956595,3.5228,77.41935483870968
61,26,Mizoram,91.0,10.1,1020.654045,0.0,25.806451612903228,12.903225806451614,2017.0,NE,0.5374787052810903,99.89097103918229,0.055689957781888906,0.13713798977853492,30.856814311328588,2.225262,38.70967741935484
62,27,Nagaland,82.5,21.4,1070.381232,2.506265664160401,5.639097744360902,1.2531328320802004,2017.0,NE,0.3810198300283286,31.545325779036826,0.12775197539055433,0.42776203966005666,55.62535410618521,3.7461710000000004,9.398496240601503
63,28,Sikkim,84.0,3.5,1120.12987,0.5656108597285068,3.3936651583710407,0.5656108597285068,2017.0,NE,0.38131699846860645,356.0229709035222,0.09202367531003382,0.4241960183767228,38.97197549742555,0.506354,4.524886877828054
64,29,Tripura,89.5,6.8,1037.823834,20.891364902506965,16.24883936861653,2.3212627669452184,2017.0,NE,0.3325705568268497,19.0744978387999,0.3750715239366775,0.8199847444698704,48.91566234444189,5.197101,39.46146703806871
65,30,Uttarakhand,80.5,7.6,1046.880837,34.46115288220551,13.157894736842104,10.651629072681704,2017.0,C,0.3335158317364723,13.505885573501232,0.20490623188676776,1.0789305593576055,49.240432520156524,11.372646999999999,58.27067669172932
66,31,Andaman & Nicobar Islands,87.5,15.8,1123.655914,2.9296875,4.8828125,0.0,2017.0,S,0.41265822784810124,368.5113924050633,0.04788459207176628,0.24050632911392406,38.08380619820842,0.037224,7.8125
67,32,Chandigarh,83.5,9.0,1195.075758,1.6542597187758477,9.925558312655086,2.481389578163772,2017.0,N,0.9922346850733391,188.26660914581535,10.166666666666666,3.571182053494392,38.21773229079375,2.2947849999999996,14.061207609594707
71,36,Puducherry,80.0,10.3,934.8404255,6.221719457013575,6.221719457013575,1.1312217194570136,2017.0,S,0.6941580756013745,92.73814432989691,3.037578288100209,1.092783505154639,37.682118734372686,1.2114449999999999,13.574660633484164
72,1,Andhra Pradesh,70.0,5.3,1001.267524,102.37556561085972,211.53846153846155,25.452488687782804,2018.0,S,0.3383874249083546,2.089188722338445,0.31971307250503167,1.1754025679903268,46.4042435160208,46.603567999999996,339.3665158371041
73,2,Assam,79.0,6.7,1038.881921,651.6129032258065,1303.225806451613,274.1935483870968,2018.0,NE,0.1502182382751853,1.7559539502592494,0.435209974757133,0.37844567478102936,48.4176992709231,99.861653,2229.032258064516
74,3,Bihar,68.5,10.2,1085.287921,1000.0,484.3358395989975,273.1829573934837,2018.0,E,0.1192560911953392,0.24492751182878986,1.2614084088229984,0.3837747731061308,40.755725808570496,351.23518,1757.5187969924812
75,4,Chattisgarh,75.0,2.4,1006.744415,45.49675023212628,123.4911792014856,38.53296193129062,2018.0,C,0.2570718386780563,2.6410166643327266,0.2112862542624879,0.8477104047052234,36.14781543194179,102.16577,207.5208913649025
76,5,Gujarat,79.0,3.3,1099.651871,145.5748552522746,444.1687344913151,214.22663358147227,2018.0,W,0.46525536639526277,2.292923760177646,0.34460066114353344,2.136284233900814,20.804082901179193,100.8377,803.970223325062
77,6,Haryana,77.0,9.2,1129.95068,271.484375,423.828125,107.421875,2018.0,N,0.3948707153632951,5.950391186892608,0.6446892246448928,1.8198435252429568,31.5955267865639,28.306572,802.734375
78,7,Jharkhand,71.5,5.3,1051.084018,664.5927601809955,207.01357466063348,43.55203619909502,2018.0,E,0.25408821947283483,1.5097633136094675,0.46641744235642424,0.6291285637439483,39.358036579659995,122.02269,915.158371040724
79,8,Karnataka,77.5,3.6,1029.177883,173.07692307692307,297.5113122171946,79.18552036199095,2018.0,S,0.4229426205760815,2.2723654717067445,0.34193992418830915,1.170079748707705,33.12392308767343,127.94187,549.7737556561086
80,9,Kerala,94.0,9.0,923.338638,16.24883936861653,100.74280408542248,7.892293407613742,2018.0,S,0.655796171074781,4.204028645610431,0.9018603813395775,0.33818368569716684,22.554292561973682,23.888278,124.88393686165276
81,10,Madhya Pradesh,73.5,3.5,1067.9398,186.1042183622829,618.693134822167,189.41273779983456,2018.0,C,0.28504329957434316,0.7217207299770048,0.2652305795714448,1.791122364107833,40.631930378244085,229.98595,994.2100909842845
82,11,Maharashtra,83.0,5.0,1081.692358,1425.8064516129032,3016.1290322580644,825.8064516129033,2018.0,W,0.47324473811813245,1.1570140618194071,0.3954236577590157,1.7333431955094225,33.820708104842836,195.43505,5267.741935483871
83,12,Odisha,78.0,7.0,1015.726803,965.8203125,76.171875,41.015625,2018.0,E,0.18031654034774855,1.681252786446723,0.28810522327191457,0.7592732946946055,43.288296923737434,136.91922,1083.0078125
84,13,Punjab,77.0,7.4,1109.968803,86.9140625,272.4609375,108.3984375,2018.0,N,0.4022648610504385,3.884270304781747,0.5909018704578849,1.5697436069760409,46.31466111075008,22.894461,467.7734375
85,14,Rajasthan,70.5,5.7,1063.313911,641.9354838709678,664.516129032258,274.1935483870968,2018.0,N,0.25983811358076103,0.9626646192285669,0.22453314788787954,2.3625006506688875,26.222742178322857,100.88246000000001,1580.6451612903227
86,15,Tamil Nadu,80.5,6.6,999.6294434,147.62443438914028,508.4841628959276,90.49773755656108,2018.0,S,0.5172605495843702,1.87753481230476,0.5808793000046133,0.6741277068883359,32.19677556016127,81.77045000000001,746.606334841629
87,16,Telangana,80.0,8.4,1012.478299,567.741935483871,941.9354838709678,290.3225806451613,2018.0,S,0.4437375316762819,3.9568932981075107,0.33096888746129893,2.2636814579177225,37.05270394297057,31.564134,1800.0
88,17,Uttar Pradesh,70.5,5.7,1090.244951,825.4410399257197,448.46796657381617,248.3751160631384,2018.0,C,0.23390571367276888,0.18920283895881007,0.9286757869570992,1.4709891661899313,33.26650904523582,588.1186,1522.2841225626744
89,18,West Bengal,78.5,3.9,1045.436269,281.10859728506784,173.64253393665155,39.02714932126697,2018.0,E,0.34958045792681036,0.7055652695725948,1.0890233459527672,1.3868167568518308,36.55781403497739,182.68674,493.77828054298635
90,19,Arunachal Pradesh,71.5,7.9,1060.606061,0.0,19.35483870967742,19.35483870967742,2018.0,NE,0.24665775401069517,66.55748663101605,0.017864179692631026,1.0922459893048129,50.29558823621261,4.796543,38.70967741935484
91,20,Delhi,84.0,10.4,1143.979058,50.78125,198.2421875,44.921875,2018.0,N,0.9902828652828652,13.10526048026048,13.254214430209036,2.394993894993895,38.12282430291125,16.648402,293.9453125
92,21,Goa,88.5,8.7,1021.052632,4.962779156327543,14.888337468982629,0.8271298593879238,2018.0,W,0.7096354166666666,201.01106770833334,0.41491085899513774,1.986328125,43.9119791698725,0.746616,20.678246484698096
93,22,Himachal Pradesh,86.5,5.2,1028.985507,14.6484375,24.4140625,11.71875,2018.0,N,0.10206043956043956,18.72142857142857,0.1307635658218526,0.5629120879120879,22.78642856944764,5.535432999999999,50.78125
94,23,Jammu & Kashmir,70.0,5.1,1106.611173,6.892230576441103,60.77694235588972,8.771929824561402,2018.0,N,0.29407294832826747,5.257066869300912,0.08069164265129683,1.4473404255319149,44.293016717186084,12.982634000000001,76.44110275689223
95,24,Manipur,80.5,9.6,1010.416667,29.032258064516128,77.41935483870968,25.806451612903228,2018.0,NE,0.3128238341968912,15.578367875647668,0.13830787835356295,1.0401554404145077,30.748704664762908,10.562470999999999,132.25806451612902
96,25,Meghalaya,80.5,2.7,1006.8793,35.483870967741936,70.96774193548387,158.06451612903226,2018.0,NE,0.20442505453412277,18.738547834216266,0.14307369922867716,0.38672483639763167,33.77965098349462,3.5228,264.51612903225805
97,26,Mizoram,91.0,7.0,1020.44293,9.67741935483871,41.935483870967744,29.032258064516128,2018.0,NE,0.5404721753794266,100.35581787521079,0.05625919074047721,0.1357504215851602,30.855733557393773,2.225262,80.64516129032258
98,27,Nagaland,82.5,17.5,1069.632495,1.8796992481203008,1.8796992481203008,13.157894736842104,2018.0,NE,0.39485981308411217,32.81214953271028,0.1290789553049038,0.42336448598130844,55.62869158951817,3.7461710000000004,16.917293233082706
99,28,Sikkim,84.0,3.1,1118.589744,0.0,5.090497737556561,1.1312217194570136,2018.0,NE,0.39939485627836613,364.21028744326776,0.09315107102593011,0.41906202723146746,38.96868381328292,0.506354,6.221719457013574
100,29,Tripura,89.5,10.1,1036.923077,12.999071494893222,29.712163416898797,7.428040854224698,2018.0,NE,0.3434038267875126,20.723313192346424,0.37879076864390615,0.8119335347432024,48.91646525672899,5.197101,50.139275766016716
101,30,Uttarakhand,80.5,8.9,1048.023642,34.46115288220551,25.062656641604008,48.87218045112782,2018.0,C,0.33820346320346323,13.544282106782108,0.20731821326402783,1.0663780663780664,49.235443724726295,11.372646999999999,108.39598997493734
102,31,Andaman & Nicobar Islands,87.5,13.5,1122.994652,0.9765625,6.8359375,1.953125,2018.0,S,0.4156171284634761,388.4962216624685,0.0481270457025094,0.23929471032745592,38.08252410239947,0.037224,9.765625
103,32,Chandigarh,83.5,7.9,1188.432836,3.3085194375516958,4.962779156327543,3.3085194375516958,2018.0,N,0.9940323955669225,193.71781756180732,10.289473684210526,3.528559249786871,38.20564423703208,2.2947849999999996,11.579818031430936
107,36,Puducherry,80.0,8.3,930.0518135,1.1312217194570136,4.524886877828054,0.0,2018.0,S,0.6953020134228188,104.33959731543624,3.1106471816283925,1.0671140939597314,37.670909511753976,1.2114449999999999,5.656108597285067
108,1,Andhra Pradesh,70.0,4.7,1001.06956,271.49321266968326,141.40271493212668,22.058823529411764,2019.0,S,0.34429045928301455,2.1110029397167183,0.32144960973933534,1.1690528003665102,46.40358111089352,46.603567999999996,434.9547511312217
109,2,Assam,79.0,7.9,1038.27073,774.1935483870968,1603.225806451613,151.61290322580646,2019.0,NE,0.1514545665275846,1.7825394065832174,0.43999082077564444,0.374333565136764,48.41665507653147,99.861653,2529.032258064516
110,3,Bihar,68.5,5.3,1084.605675,317.6691729323308,783.8345864661653,205.51378446115288,2019.0,E,0.12005739928167951,0.24716528836503288,1.2803224196340388,0.3781053260229431,40.75721679832806,351.23518,1307.017543859649
111,4,Chattisgarh,75.0,3.3,1006.654651,312.4419684308264,49.21077065923863,22.74837511606314,2019.0,C,0.2602943208511814,2.6512712449910185,0.2141266800304754,0.8364653862097554,36.147844410772,102.16577,384.40111420612817
112,5,Gujarat,79.0,2.0,1100.972601,157.1546732837055,418.5277088502895,86.02150537634408,2019.0,W,0.470289294215576,2.3958409392934854,0.3493296739174795,2.107364516553003,20.80665770895505,100.8377,661.7038875103391
113,6,Haryana,77.0,6.5,1128.792342,464.84375,391.6015625,76.171875,2019.0,N,0.400809436507662,5.901829879968176,0.6538722518773183,1.7942855166211213,31.589702170490053,28.306572,932.6171875
114,7,Jharkhand,71.5,4.2,1050.453977,117.0814479638009,639.7058823529412,65.61085972850678,2019.0,E,0.25584663520178186,1.4757914832688126,0.473116391098176,0.6202206077318767,39.35974439215614,122.02269,822.3981900452488
115,8,Karnataka,77.5,4.2,1029.380161,341.6289592760181,262.4434389140271,37.89592760180995,2019.0,S,0.42774155484622484,2.3612544060027534,0.3446616368859853,1.16083990136605,33.125794588813854,127.94187,641.9683257918552
116,9,Kerala,94.0,10.0,923.564097,48.282265552460544,92.85051067780871,0.9285051067780872,2019.0,S,0.6784741144414169,4.199335831062671,0.9065692303733628,0.33642711171662126,22.55626703028446,23.888278,142.06128133704735
117,10,Madhya Pradesh,73.5,3.0,1067.127148,665.8395368072787,521.091811414392,100.90984284532672,2019.0,C,0.28615889406258294,0.7292335158869937,0.26893542474330484,1.7664479239547395,40.63213949662666,229.98595,1287.8411910669975
118,11,Maharashtra,83.0,3.2,1082.313248,2841.935483870968,2483.870967741936,477.4193548387097,2019.0,W,0.47598498603636247,1.1578908800755583,0.3991349081774251,1.7172261620759004,33.8219542576718,195.43505,5803.225806451614
119,12,Odisha,78.0,6.3,1014.842218,583.0078125,411.1328125,222.65625,2019.0,E,0.18212587103196548,1.6914500608339786,0.29032092327255676,0.7534785975002766,43.28895033725166,136.91922,1216.796875
120,13,Punjab,77.0,7.4,1109.041057,291.015625,204.1015625,90.8203125,2019.0,N,0.4058801960065336,3.9496983232774427,0.5956673682538421,1.5571852395079837,46.31374379109585,22.894461,585.9375
121,14,Rajasthan,70.5,4.5,1061.376334,3496.7741935483878,900.0,483.8709677419355,2019.0,N,0.26129065406155266,0.9844705338334275,0.22747845803663522,2.3319118327082156,26.21909777557386,100.88246000000001,4880.645161290324
122,15,Tamil Nadu,80.5,5.3,998.9992099,403.28054298642536,457.579185520362,19.79638009049774,2019.0,S,0.5216463334299491,1.9083159864035204,0.5836011625582432,0.6709836367948143,32.191288767072166,81.77045000000001,880.6561085972851
123,16,Telangana,80.0,7.0,1012.393577,1419.354838709677,716.1290322580645,309.6774193548387,2019.0,S,0.45102554490440744,4.104482407754512,0.3332173416490449,2.2484067905532052,37.0523483108394,31.564134,2445.1612903225805
124,17,Uttar Pradesh,70.5,4.5,1089.493912,802.2284122562675,477.7158774373259,68.70937790157846,2019.0,C,0.23535120066340845,0.18994036381601,0.9409782175587728,1.4517573266051484,33.26797069433145,588.1186,1348.6536675951718
125,18,West Bengal,78.5,4.6,1044.415017,671.9457013574661,149.8868778280543,217.7601809954751,2019.0,E,0.35369778225599163,0.7151787458487986,1.0958738957995313,1.3781474588992504,36.55984104547399,182.68674,1039.5927601809954
126,19,Arunachal Pradesh,71.5,6.7,1061.391542,138.70967741935485,19.35483870967742,29.032258064516128,2019.0,NE,0.24884182660489743,74.83851753805426,0.018043299141420777,1.0814030443414957,50.297418928771364,4.796543,187.0967741935484
127,20,Delhi,84.0,8.7,1142.673797,259.765625,176.7578125,32.2265625,2019.0,N,0.9918139163422183,13.005840071877808,13.509103169251517,2.3498053309374063,38.12034059380209,16.648402,468.75
128,21,Goa,88.5,8.1,1018.276762,5.789909015715467,17.3697270471464,1.6542597187758477,2019.0,W,0.720569210866753,203.08732212160413,0.4176121015667207,1.9734799482535577,43.89081500339842,0.746616,24.813895781637715
129,22,Himachal Pradesh,86.5,3.7,1029.077818,39.0625,21.484375,4.8828125,2019.0,N,0.1022246485601201,19.23624948819435,0.13160778115064753,0.5593012146854102,22.78717074014162,5.535432999999999,65.4296875
130,23,Jammu & Kashmir,70.0,6.7,1104.745279,35.714285714285715,11.278195488721805,20.676691729323306,2019.0,N,0.29663700799276127,5.160383049313829,0.08131706419768227,1.4362087166339919,44.29230131220074,12.982634000000001,67.66917293233082
131,24,Manipur,80.5,9.7,1009.664948,122.58064516129032,35.483870967741936,12.903225806451614,2019.0,NE,0.3151651170246874,15.795767874318692,0.13969633179558383,1.029817249118307,30.745206794938834,10.562470999999999,170.96774193548387
132,25,Meghalaya,80.5,2.7,1006.19195,48.38709677419355,100.0,64.51612903225806,2019.0,NE,0.20493827160493827,19.060185185185187,0.14445583842346962,0.3830246913580247,33.77669752886806,3.5228,212.9032258064516
133,26,Mizoram,91.0,5.7,1020.236088,38.70967741935484,22.580645161290324,3.2258064516129035,2019.0,NE,0.5425709515859767,109.13272120200334,0.05682842369906551,0.1343906510851419,30.85467445901798,2.225262,64.51612903225806
134,27,Nagaland,82.5,25.8,1068.965517,1.2531328320802004,3.132832080200501,11.278195488721805,2019.0,NE,0.40925925925925927,33.963425925925925,0.13028530068158514,0.41944444444444445,55.631666667743694,3.7461710000000004,15.664160401002507
135,28,Sikkim,84.0,2.2,1117.460317,4.524886877828054,1.6968325791855203,2.828054298642534,2019.0,NE,0.42128935532233885,372.85007496251876,0.09399661781285232,0.41529235382308843,38.966266865581126,0.506354,9.049773755656108
136,29,Tripura,89.5,3.2,1036.548223,17.64159702878366,23.676880222841227,16.24883936861653,2019.0,NE,0.3544366899302094,20.93344965104686,0.3826053786000381,0.8038384845463609,48.91679960150888,5.197101,57.567316620241414
137,30,Uttarakhand,80.5,7.1,1048.958714,30.70175438596491,63.909774436090224,11.904761904761903,2019.0,C,0.34299215406562056,13.446861626248216,0.2097114971112316,1.0542082738944365,49.2313659055016,11.372646999999999,106.51629072681703
138,31,Andaman & Nicobar Islands,87.5,12.6,1117.021277,7.8125,4.8828125,0.0,2019.0,S,0.4221105527638191,405.9396984924623,0.048248272517880955,0.23869346733668342,38.07090625620348,0.037224,12.6953125
139,32,Chandigarh,83.5,6.3,1186.003683,4.962779156327543,8.271298593879239,5.789909015715467,2019.0,N,0.995787700084246,201.59140690817185,10.412280701754385,3.4869418702611625,38.201205588844914,2.2947849999999996,19.02398676592225
143,36,Puducherry,80.0,7.6,925.4108723,13.009049773755656,3.3936651583710407,0.0,2019.0,S,0.6973079448456992,100.56861457649376,3.1795407098121085,1.0439921208141825,37.65999275473976,1.2114449999999999,16.402714932126695
144,1,Andhra Pradesh,70.0,4.1,1000.797751,108.5972850678733,189.47963800904975,108.5972850678733,2020.0,S,0.35024397653268524,2.0102906833241567,0.323186146973639,1.162771269627295,46.40267140029387,46.603567999999996,406.67420814479635
145,2,Assam,79.0,4.1,1037.612428,800.0,1135.483870967742,100.0,2020.0,NE,0.15265994038064665,1.75716578766338,0.44478441571687194,0.37029924329282277,48.41552969424664,99.861653,2035.483870967742
146,3,Bihar,68.5,4.7,1083.925256,1020.0501253132832,605.2631578947368,179.82456140350877,2020.0,E,0.12086708462412438,0.2192233184296352,1.2992470503276234,0.3725979025837618,40.75870476767234,351.23518,1805.1378446115286
147,4,Chattisgarh,75.0,2.5,1006.567246,32.49767873723306,112.8133704735376,45.03249767873724,2020.0,C,0.26346652120550934,2.497579435428883,0.21696710579846293,0.8255147961270967,36.14787263052932,102.16577,190.3435468895079
148,5,Gujarat,79.0,2.2,1102.293036,129.85938792390405,421.0090984284532,191.0669975186104,2020.0,W,0.47531086552454505,2.251847902828408,0.3540535852752724,2.079247294785528,20.809228707543507,100.8377,741.9354838709677
149,6,Haryana,77.0,6.3,1127.594716,197.265625,416.015625,74.21875,2020.0,N,0.40673398376202496,5.313365627345296,0.663032660816068,1.7694958040526712,31.583673329070255,28.306572,687.5
150,7,Jharkhand,71.5,3.1,1049.895493,521.9298245614035,226.81704260651628,63.909774436090224,2020.0,E,0.25760150592172343,1.3454992287380063,0.4798278846877587,0.6115453998797354,39.36125911732027,122.02269,812.65664160401
151,8,Karnataka,77.5,2.7,1029.578409,138.00904977375566,433.2579185520362,102.94117647058825,2020.0,S,0.43251234484518286,2.2367808846263526,0.3473937776016601,1.1517102676092275,33.12762844192239,127.94187,674.2081447963801
152,9,Kerala,94.0,10.1,923.7831378,16.402714932126695,141.40271493212668,6.787330316742081,2020.0,S,0.7008725609239544,3.742439217236608,0.9112266165761779,0.3347075932567136,22.558184847668436,23.888278,164.59276018099544
153,10,Madhya Pradesh,73.5,1.9,1066.388001,172.2376973073352,455.8960074280409,139.74001857010214,2020.0,C,0.2872679676344598,0.6701570680628273,0.2726402699151649,1.742444074250357,40.63232984292769,229.98595,767.8737233054783
154,11,Maharashtra,83.0,3.7,1082.923059,373.8626964433416,688.1720430107526,247.3118279569892,2020.0,W,0.4787070126894749,1.032340816869822,0.40284615859583445,1.701406087398456,33.82317745131843,195.43505,1309.3465674110835
155,12,Odisha,78.0,5.4,1013.971173,362.781954887218,314.5363408521303,36.96741854636591,2020.0,E,0.1839436248682824,1.6104012996136283,0.29254946791088393,0.7477388479100808,43.289594310096916,136.91922,714.2857142857142
156,13,Punjab,77.0,6.2,1107.981875,125.9765625,309.5703125,93.75,2020.0,N,0.4095042825490261,3.737722808293925,0.6004328660497995,1.5448262177982077,46.31269552542998,22.894461,529.296875
157,14,Rajasthan,70.5,4.8,1059.517902,266.6015625,328.125,105.46875,2020.0,N,0.2627027301200847,0.927454635371096,0.23042669012006228,2.3020758042631972,26.215595794418107,100.88246000000001,700.1953125
158,15,Tamil Nadu,80.5,5.2,998.3490133,162.89592760180994,579.7511312217194,140.83710407239818,2020.0,S,0.526076978558783,1.8816077634253492,0.586315336234603,0.667877516228444,32.18562454887069,81.77045000000001,883.4841628959275
159,16,Telangana,80.0,4.9,1012.36352,118.77828054298642,194.00452488687785,65.61085972850678,2020.0,S,0.4583100614378042,3.742200590441235,0.33547471827404374,2.2332774807840634,37.052222135292936,31.564134,378.39366515837105
160,17,Uttar Pradesh,70.5,4.2,1088.762778,446.61095636026,535.2831940575674,214.48467966573816,2020.0,C,0.23679421087463862,0.17300759343759797,0.9532806481604462,1.4330218746734473,33.26939461461429,588.1186,1196.3788300835654
161,18,West Bengal,78.5,3.5,1043.406548,254.38596491228068,149.74937343358394,21.929824561403507,2020.0,E,0.35782816155960395,0.6494467206833485,1.1027469803497385,1.3695578874232408,36.56184467213521,182.68674,426.06516290726813
162,19,Arunachal Pradesh,71.5,5.7,1059.379217,0.0,51.612903225806456,12.903225806451614,2020.0,NE,0.2509829619921363,69.46395806028833,0.018222418590210523,1.0707732634338138,50.2927260806187,4.796543,64.51612903225806
163,20,Delhi,84.0,6.3,1141.403546,56.640625,190.4296875,30.2734375,2020.0,N,0.9929950034290193,11.490594689918684,13.765340525960891,2.306064465562849,38.11792059620283,16.648402,277.34375
164,21,Goa,88.5,10.5,1016.861219,4.962779156327543,15.715467328370552,4.962779156327543,2020.0,W,0.7318327974276527,191.97877813504823,0.42004321988114535,1.9620578778135047,43.879999998502626,0.746616,25.64102564102564
165,22,Himachal Pradesh,86.5,3.3,1029.16896,19.53125,47.8515625,12.6953125,2020.0,N,0.10252237591537836,18.187008407919716,0.13245199647944245,0.5557363710333605,22.7879034459506,5.535432999999999,80.078125
166,23,Jammu & Kashmir,70.0,5.9,1103.06845,35.15625,79.1015625,10.7421875,2020.0,N,0.29921436588103256,4.896670407781519,0.08194861732785579,1.4251402918069584,44.29165731386442,12.982634000000001,125.0
167,24,Manipur,80.5,5.6,1009.572431,12.903225806451614,96.7741935483871,6.451612903225807,2020.0,NE,0.31787869164814225,14.115274690377898,0.14103999641689435,1.0200063512226103,30.744776117552142,10.562470999999999,116.12903225806453
168,25,Meghalaya,80.5,1.7,1006.131208,35.483870967741936,48.38709677419355,6.451612903225807,2020.0,NE,0.20568459657701713,18.496943765281173,0.14588256275357794,0.379278728606357,33.776436430971465,3.5228,90.3225806451613
169,26,Mizoram,91.0,3.5,1020.033389,3.2258064516129035,35.483870967741936,12.903225806451614,2020.0,NE,0.5446280991735537,96.05702479338844,0.05739765665765381,0.13305785123966943,30.853636363730423,2.225262,51.612903225806456
170,27,Nagaland,82.5,19.3,1068.246445,6.451612903225807,9.67741935483871,3.2258064516129035,2020.0,NE,0.4234647112740605,31.288725939505042,0.1316122805959346,0.4152153987167736,55.6348762625336,3.7461710000000004,19.35483870967742
171,28,Sikkim,84.0,1.1,1116.352201,3.2258064516129035,3.2258064516129035,12.903225806451614,2020.0,NE,0.4413075780089153,352.46953937592866,0.09484216459977451,0.4115898959881129,38.96389301579204,0.506354,19.35483870967742
172,29,Tripura,89.5,3.2,1035.678392,103.22580645161293,209.67741935483872,22.580645161290324,2020.0,NE,0.365341890891138,19.531720562823995,0.38632462330726686,0.7960997284621081,48.917575907147516,5.197101,335.48387096774195
173,30,Uttarakhand,80.5,6.9,1049.864499,18.570102135561747,6.035283194057568,10.677808727948005,2020.0,C,0.34769962982548913,12.161731006522123,0.21214217601854796,1.0421293848052178,49.22741935329257,11.372646999999999,35.28319405756732
174,31,Andaman & Nicobar Islands,87.5,9.1,1116.402116,1.1312217194570136,1.1312217194570136,0.5656108597285068,2020.0,S,0.4275,367.4875,0.048490726148624076,0.2375,38.0696982750773,0.037224,2.8280542986425337
175,32,Chandigarh,83.5,7.5,1181.488203,0.0,12.6953125,3.90625,2020.0,N,0.9958402662229617,174.18302828618968,10.543859649122806,3.4434276206322796,38.192928452088985,2.2947849999999996,16.6015625
179,36,Puducherry,80.0,6.7,921.0850801,0.0,19.79638009049774,1.1312217194570136,2020.0,S,0.6983311938382541,87.02567394094993,3.2526096033402925,1.0205391527599486,37.649769819726146,1.2114449999999999,20.92760180995475
180,1,Andhra Pradesh,70.0,4.2,1000.453841,81.44796380090497,220.02262443438917,111.99095022624434,2021.0,S,0.35620297198169926,2.220743373539532,0.32456678611752,1.157825084130525,46.40152002242576,46.603567999999996,413.46153846153845
181,2,Assam,79.0,3.8,1036.878613,422.5806451612903,1380.645161290323,112.90322580645162,2021.0,NE,0.15389636188205913,1.8652023383846983,0.4492465386674826,0.3666212611385436,48.41427436338839,99.861653,1916.1290322580649
182,3,Bihar,68.5,6.0,1083.050904,487.468671679198,617.7944862155388,175.43859649122803,2021.0,E,0.12166341801311274,0.23099537670957038,1.318500897380075,0.36715691802116723,40.760618265140586,351.23518,1280.7017543859647
183,4,Chattisgarh,75.0,2.5,1006.419353,42.246982358402974,110.4921077065924,54.78180129990715,2021.0,C,0.2666621762705015,2.6395783518000875,0.21963740189805533,0.8154783955814502,36.14792038516586,102.16577,207.52089136490252
184,5,Gujarat,79.0,2.0,1103.39049,115.79818031430932,452.44003308519433,192.72125723738623,2021.0,W,0.4802885230974975,2.4240492822490007,0.35857343998694036,2.053038170979812,20.811363086936844,100.8377,760.9594706368898
185,6,Haryana,77.0,9.0,1126.16354,106.4453125,367.1875,62.5,2021.0,N,0.41264228463662694,5.814541658247458,0.6716276124129196,1.7468512157338183,31.576459890757043,28.306572,536.1328125
186,7,Jharkhand,71.5,2.0,1049.056404,170.42606516290726,209.8997493734336,67.04260651629072,2021.0,E,0.25932614416180794,1.4591352355399618,0.4862633916250596,0.6034518342706775,39.3635364540214,122.02269,447.36842105263156
187,8,Karnataka,77.5,3.2,1029.708062,106.90045248868778,402.14932126696834,115.3846153846154,2021.0,S,0.43729505753293985,2.4514249090800693,0.34981829178637164,1.1437280152626244,33.12882757707645,127.94187,624.4343891402715
188,9,Kerala,94.0,9.6,924.0088701,17.53393665158371,136.31221719457014,9.615384615384617,2021.0,S,0.7228234897253535,4.183228853343828,0.9153436430538043,0.33320214769628653,22.56016079576805,23.888278,163.46153846153845
189,10,Madhya Pradesh,73.5,2.1,1065.419427,132.77623026926648,417.8272980501393,152.73909006499537,2021.0,C,0.2883761366573463,0.7229258206254846,0.27613748803711335,1.7203764186188586,40.632579477863125,229.98595,703.3426183844012
190,11,Maharashtra,83.0,3.5,1083.381944,352.3573200992556,730.3556658395368,290.3225806451613,2021.0,W,0.4814367425302988,1.107875684972601,0.40623893043192844,1.6871965121395145,33.824097436835615,195.43505,1373.0355665839538
191,12,Odisha,78.0,6.0,1013.212185,251.25313283208015,429.8245614035088,41.97994987468672,2021.0,E,0.1857407609288128,1.76993350049057,0.294559653708568,0.7426359969475635,43.29015589233581,136.91922,723.0576441102758
192,13,Punjab,77.0,6.4,1106.890826,135.7421875,335.9375,90.8203125,2021.0,N,0.41312842741273437,3.882277608117427,0.6046821015845281,1.5339703805864775,46.311614619181036,22.894461,562.5
193,14,Rajasthan,70.5,4.7,1057.450814,277.34375,351.5625,122.0703125,2021.0,N,0.26413084346409327,1.0094623386389272,0.2331411674297786,2.2752725905501943,26.211693195500132,100.88246000000001,750.9765625
194,15,Tamil Nadu,80.5,4.8,997.598789,107.46606334841628,575.7918552036199,138.00904977375566,2021.0,S,0.5304954531201004,2.0194026340545626,0.5884759107475126,0.6654254207170481,32.17908435285901,81.77045000000001,821.2669683257918
195,16,Telangana,80.0,4.2,1012.131531,113.68778280542986,216.0633484162896,78.05429864253394,2021.0,S,0.4655436852126084,4.183467315422043,0.33741088715793605,2.2204622382060504,37.05124814750492,31.564134,407.80542986425337
196,17,Uttar Pradesh,70.5,2.9,1087.929965,210.77065923862585,361.652739090065,189.41504178272984,2021.0,C,0.23823401535077335,0.18691266933848757,0.9641926218621331,1.4168040602494179,33.27101777477483,588.1186,761.8384401114207
197,18,West Bengal,78.5,3.5,1042.339463,182.95739348370927,114.66165413533834,23.809523809523807,2021.0,E,0.36195683102312914,0.7102353562863298,1.1087524788173788,1.3621397504166497,36.56396691165537,182.68674,321.42857142857144
198,19,Arunachal Pradesh,71.5,7.7,1058.823529,0.0,45.16129032258065,3.2258064516129035,2021.0,NE,0.2532467532467532,72.58181818181818,0.01838959674241429,1.061038961038961,50.291428570466856,4.796543,48.38709677419355
199,20,Delhi,84.0,5.3,1139.800432,89.84375,192.3828125,34.1796875,2021.0,N,0.9941829719725013,12.115955963655594,14.026298044504383,2.2631604249795685,38.11486234902077,16.648402,316.40625
200,21,Goa,88.5,12.0,1016.774194,1.6542597187758477,9.925558312655086,4.962779156327543,2021.0,W,0.7434420985284709,198.46513115802944,0.4222042139384117,1.9520153550863724,43.87933461637699,0.746616,16.542597187758478
201,22,Himachal Pradesh,86.5,4.0,1028.72777,9.765625,43.9453125,13.671875,2021.0,N,0.10276466621712745,19.371409305461903,0.133188439638604,0.5526635198921106,22.784356033633827,5.535432999999999,67.3828125
202,23,Jammu & Kashmir,70.0,5.2,1101.123596,16.6015625,64.453125,13.671875,2021.0,N,0.30176767676767674,5.390225787284611,0.08255564412287694,1.4146613190730837,44.290909091099465,12.982634000000001,94.7265625
203,24,Manipur,80.5,9.0,1008.212255,12.903225806451614,64.51612903225806,3.2258064516129035,2021.0,NE,0.3205410506448569,15.60301981755269,0.14238366103820485,1.0103806228373702,30.7384397599446,10.562470999999999,80.64516129032258
204,25,Meghalaya,80.5,2.6,1004.854369,35.483870967741936,61.29032258064516,16.129032258064516,2021.0,NE,0.20611380145278452,19.157082324455207,0.1473092870836863,0.3756053268765133,33.77094431021986,3.5228,112.90322580645162
205,26,Mizoram,91.0,5.4,1018.181818,3.2258064516129035,29.032258064516128,25.806451612903228,2021.0,NE,0.5470925470925471,106.29402129402129,0.05791945353635976,0.13185913185913187,30.844144143211185,2.225262,58.06451612903226
206,27,Nagaland,82.5,9.1,1067.605634,0.0,9.67741935483871,0.0,2021.0,NE,0.43823796548592187,31.798365122615802,0.13281862597261596,0.4114441416893733,55.63773841873754,3.7461710000000004,9.67741935483871
207,28,Sikkim,84.0,1.6,1118.380062,0.0,9.67741935483871,19.35483870967742,2021.0,NE,0.46176470588235297,362.53823529411767,0.09582863585118377,0.4073529411764706,38.96823529346453,0.506354,29.032258064516128
208,29,Tripura,89.5,3.3,1034.825871,70.96774193548387,254.83870967741936,12.903225806451614,2021.0,NE,0.3765281173594132,20.833740831295845,0.39004386801449553,0.7885085574572127,48.918337407997306,5.197101,338.7096774193549
209,30,Uttarakhand,80.5,7.8,1050.786838,7.892293407613742,6.035283194057568,4.642525533890437,2021.0,C,0.3523718172305546,12.993983257760725,0.21442327468541406,1.0310429019881409,49.22340425680067,11.372646999999999,18.570102135561747
210,31,Andaman & Nicobar Islands,87.5,7.8,1121.693122,0.0,6.221719457013575,1.6968325791855203,2021.0,S,0.4339152119700748,406.8279301745636,0.04861195296399563,0.23690773067331672,38.079998280757586,0.037224,7.918552036199095
211,32,Chandigarh,83.5,6.3,1177.419355,5.859375,3.90625,0.9765625,2021.0,N,0.9975308641975309,180.8872427983539,10.657894736842104,3.4065843621399177,38.18544061332419,2.2947849999999996,10.7421875
215,36,Puducherry,80.0,5.8,916.967509,0.5656108597285068,6.787330316742081,0.5656108597285068,2021.0,S,0.6999372253609542,97.45511613308223,3.325678496868476,0.9981167608286252,37.63999610358298,1.2114449999999999,7.918552036199094
